name,range,patternnum,pattern_id,uLSC,uInt,stimuli
0.1920_9neigh_outertot_code256746_IC2_iter10.png,1,1,1,0.1588315740704078,2,000000000000000000000000000000000000000000000000000000000000000000000000000000000000000000000000000000000000000000000000000000000000000000000000000000000000000000000000000000000000000000000000000000000000000000000000000000000000000000000000000000000000000000000000000000000000000000000000000000000000000000011010110000000000000000000111111111000000000000000000111111111000000000000000000111111111000000000000000000001111100000000000000000000001111100000000000000000000000010000000000000000000000000000000000000000000000000000000000000000000000000000000000000000000000000000000000000000000000000000000000000000000000000000000000000000000000000000000000000000000000000000000000000000000000000000000000000000000000000000000000000000
0.5089_5neigh_tot_code56_IC3_iter10.png,1,2,2,0.6846668431999672,7,000000000000000000000000000000000000000000000000000000011000000000000000000011100011111000000000000000011100001111000000000000000111100000111000000000000001111000000111000111111111111100000000000001111111111111100000000000001111111100111000000000000011100000000110000000000000011100000000110000000000001111100000000111110000000001001100000000111110000001111000000001111111111100011111000000001111111111110011111000000001111111111110011111000000001110011001110011111111111111100010001110001111111111111000001000110001111111111111000011000000001111111111111000011000000111111111100011000000000000111111111100000000000000000111111111111100000000000000000011111111110000000110000000011110011110000000111100000011100000000000000011100
0.5895_5neigh_outertot_code491_IC1_iter20.png,1,3,4,0.7758467648914809,36,111111111111111111111111111100000000000000000000000001101111111111111111111111101101000000000000000000000101101011111111111111111110101101010000000000000000010101101010111111111111111010101101010100011101110001010101101010101110111011101010101101010101111111111101010101101010111110101011111010101101010110101111101011010101101010111111101111111010101101010101101000101101010101101010111111101111111010101101010110101111101011010101101010111110101011111010101101010101111111111101010101101010101110111011101010101101010100011101110001010101101010111111111111111010101101010000000000000000010101101011111111111111111110101101000000000000000000000101101111111111111111111111101100000000000000000000000001111111111111111111111111111
0.6034_5neigh_tot_code478_IC2_iter40.png,1,4,3,0.7625797989041064,60,111111111111111111111111111111000011000010000110000111110100111100111001111001011101110011111111111110011101100101001111111111100101001100011100111111111001110001101001111111111111111100101111100111111111111111001111111110111111111111111011111101111111111111111111111101100111111111111111111111001100111111111111111111111001101010111011010110111010101111110010111111111010011111111111000111010111000111111101011011111111111110110101101011111101111101111110101111110111111111111111011111111110110111010111011011111111011011111111111110110111111101101110010011101101111111110110011000110011011111101111011001101100110111101101111111111000111111111101110111111111111111111111011111001110011111110011100111111111111111111111111111111
0.6684_5neigh_outertot_code475_IC1_iter10.png,1,5,6,0.8933253295145774,46,111001110000000000011100111111111111111111111111111111111101110000000000011101111011111111111111111111111110010111110000010000011111010111111111111101111111111111111111110000101000011111111111111110001101100011111111010101001111000111100101010010101001111101111100101010010101001110000011100101010010101011101101101110101010010101110101000101011101010010110000000000000000011010010101110101000101011101010010101011101101101110101010010101001110000011100101010010101001111101111100101010010101001111000111100101010111111110001101100011111111111111110000101000011111111111111111111101111111111111010111110000010000011111010011111111111111111111111110111101110000000000011101111111111111111111111111111111111001110000000000011100111
0.7108_9neigh_outertot_code93737_IC2_iter35.png,1,6,5,0.8345115362844759,131,010110110000100011011000001100000000010001000000000111000000100100000101101001010000010101000000101001000111110010000000100000000000000000000010110110010010000100000111010000000100011000001010000000000000000000011001010010001000110101000001000000110011001000100000100011010000000000000010101001000001010000010111000000001001100101011000010001010100010110000000010001010010110100000010000100010000000000101100100110001000111100100000100000010100100011111000010101101000110000000011000101000011010000010010000100000000100001011010010110001011010000100001000000001001000100101000000000100000100011000000000100010001000000100011011101000101000100010000000000000100010001000010000100101010010000010010100001010101010100111001010100010
0.7689_9neigh_outertot_code143954_IC3_iter35.png,1,7,7,0.970575943324718,106,000101100010001101111011000010100011101111010011000010011100100011000001110011110010011101010100010000001101100001101010111100010000011000110111011010101001110001011100111011000101000100001011000001101011010000001101111000110001110111111111001000111110000110100001110101011010001011000000000111000001100101101010101100001011100000001000010001010110110111000000111101110010110010011000010000010110010001010000001000000100110111111100000000000011011110001010001100010010001101111101100101000001001111000011101010100011101100001101010101001100011000010110011010110110000101110011100000000101011100101110001101011000001010110001001110000010000001000111111010100010100000011000001010111111000000100011000110101010100100011100101010000
0.2088_5neigh_outertot_code174_IC1_iter05.png,2,1,8,0.1503843675749793,26,000000000000000000000000000000000000000000000000000000000000000000000000000000000000000000000000000000000000000000000000000000000000000000000000000000000000000000000000000000000000000000000000000000000000000000000000000000000000000000000000000000000000000010000000000000000000000000010000000000000000000000000101000000000000000000000001010100000000000000000000110101011000000000000000000001010100000000000000000000000101000000000000000000000000010000000000000000000000000010000000000000000000000000000000000000000000000000000000000000000000000000000000000000000000000000000000000000000000000000000000000000000000000000000000000000000000000000000000000000000000000000000000000000000000000000000000000000000000000000000000000000000
0.3799_5neigh_outertot_code469_IC1_iter10.png,2,2,9,0.3771255990705298,66,101001111111111111111100101010110111111111111111011010101011111111111111111110101010111111111111111111111010011111111111111111111111110101111111111111111111111101111111111111111111111111111111111111111111111111111111111111111111111111111111111111111111111101111111111111111111111111101111111111111111111111111000111111111111111111111110101011111111111111111111000000000111111111111111111110101011111111111111111111111000111111111111111111111111101111111111111111111111111101111111111111111111111111111111111111111111111111111111111111111111111111111111111111111111111101111111111111111111111101011111111111111111111111110010111111111111111111111010101011111111111111111110101010110111111111111111011010101001111111111111111100101
0.5283_5neigh_tot_code30_IC3_iter05.png,2,3,10,0.6866368918045108,27,111111111111111111111111111101111111111111110111110001111111111111111111111111101111010011111100001000111111111111111111000000000011111111111111111000000000011111101111111110000000000011111111111111100000000000111111111111001000000000001111111111010000000000000011111101111000100000010000011111101111001110000111000111011111111011111001111101111111111111111111111111110111111101111011111111111100011011111111001111111111000001110101111000111111110000011111101101100111111111000111101111111001111101110000011111101111101111111100001001111111111110111111110011111111101111100011111111111111111111111000001111111111111111111111000001111111111111111011111111111111111111111111001101111111100001110110010001111111111111111111111111111
0.6604_9neigh_outertot_code184_IC2_iter35.png,2,4,11,0.8493127920205841,66,101111010111111111111111111100000011000000000000000000111111000011111111110101101100000011100000000000101101110111010001111010100000001101000001010001010111111101100101101010101010000000101110110101010101010111110101000000101010001000000000101111111101011010101111010101100000010100010101000010101101011010001010101011110101101000001101010101000000001101011100000010101011111101101000011111010000000000001100111000000101100011111101110000011110100000000000001010111100000101011101111101100100010110101000010000001110100010100101111010101101100001000000000001010100101101110111111111101010110101100000000000000001000000101101111111111111100000110001100000000000000011000001101100011010110101000100100000010011010110101111111111111
0.7207_5neigh_outertot_code478_IC1_iter25.png,2,5,12,0.920072061255325,86,001111110000111000011111100011111111111101111111111110111101001011111110100101111111101100010010010001101111110011111010010010111110011111110101010010010101011111110111011011111110110111011110010111011101110111010011011011110100111001011110110010000001100111001100000010011111110011010110011111110011000110011000110011000110111000111100111001111000111101111101110111011101111101111000111100111001111000111011000110011000110011000110011111110011010110011111110010000001100111001100000010011011110100111001011110110110010111011101110111010011110111011011111110110111011111110101010010010101011111110011111010010010111110011111101100010010010001101111111101001011111110100101111011111111111101111111111110001111110000111000011111100
0.7605_5neigh_outertot_code461_IC1_iter40.png,2,6,13,0.9748770128126518,94,010100011100111001110001010101110011001010100110011101010000011111010111110000010110001111100010001111100011010011100110111011001110010000110111110101011111011000000111001000010000100111000111101001101010101100101111111101110011000110011101111101111010101111101010111101001011001000111000100110100011000011100101001110000110100011000111101111000110001111110110110000011011011111100011000111101111000110001011000011100101001110000110001011001000111000100110100101111010101111101010111101111101110011000110011101111111101001101010101100101111000111001000010000100111000000110111110101011111011000010011100110111011001110010110001111100010001111100011010000011111010111110000010101110011001010100110011101010100011100111001110001010
0.7785_9neigh_outertot_code3276_IC3_iter35.png,2,7,14,0.9806767876398864,110,100100101001000000101111100001101000110011011101100001000110000001011010010000010001100000110101101011001110111111100111000111011000101101011110011001001111010001001000100100110001001100001110011110101100011000100111010101001011110000100100100010110001010010000100000110011001011111100010011000001000010001101010110001111110001001111100101011110111001010101010010100110110101111001111100100101111101001001101001100110110001010111100100101001110110011110011110111100000001000010010001001111000010111110100100100001010101000010100101001001110101111100110111111101101011100100011101101001111000111100000000111100011111110011100011100111111010100110100101001001110101001111111000001011010101001011101110011100111111110011101110110101
0.1722_9neigh_outertot_code497_IC2_iter05.png,3,1,15,0.1179472434569747,7,111000000000000000000000111100000000000000000000000001100000000000000000000000001000000000000000000000000000000000000000000000000000000000000000000000000000000000000000000000000000000000000000000000000000000000000000000000000000000000000000000000000000000000000000000000000000000000000000000000000000000000000001000000000000000000000000001000000000000000000000000000000000000000000000000000100000000000000000000000000000000000000000000000000000000000000000000000000000000000000000000000000000000000000000000000000000000000000000000000000000000000000000000000000000000000000000000000000000000000000000000000000000000000000000000000000000000000000000100000000000000000000000001100000000000000000000000001111000000000000000000000111
0.3300_5neigh_tot_code497_IC2_iter10.png,3,2,16,0.377464279124328,11,110000001111111111100000011100000011111111111110000001000000111111111111111000000000001111111111111111100000000011111111111111111110000000111111111111111111111000001111111111111111111111100011111111111111111111111110111111111111111111111111111111111111111111111111111111111111111111111111111111111111111111110000011111111111111111111110010011111111111111111111110111011111111111111111111110010011111111111111111111110000011111111111111111111111111111111111111111111111111111111111111111111111111111111111111111111011111111111111111111111110001111111111111111111111100000111111111111111111111000000011111111111111111110000000001111111111111111100000000000111111111111111000000100000011111111111110000001110000001111111111100000011
0.6052_5neigh_outertot_code491_IC1_iter10.png,3,3,18,0.8237862528535181,22,111111111111111111111111111100000000000000000000000001101111111111111111111111101101000000000000000000000101101011111111111111111110101101010000000000000000010101101010111111111111111010101101010100011000110001010101101010101010000010101010101101010100100000001001010101101010111000101000111010101101010110001111100011010101101010100011101110001010101101010100001000100001010101101010100011101110001010101101010110001111100011010101101010111000101000111010101101010100100000001001010101101010101010000010101010101101010100011000110001010101101010111111111111111010101101010000000000000000010101101011111111111111111110101101000000000000000000000101101111111111111111111111101100000000000000000000000001111111111111111111111111111
0.6064_9neigh_outertot_code489_IC2_iter25.png,3,4,17,0.7874133673117215,47,011111111111010111111111110101010000111111111000010101110110000010000010000011011101110000000000000000011101111110000000000000000011111100000000000000000000000001100000000000000000000000001100000000000001000000000001100000000000100000000000001110000000001110000000000011111000000010111111000000111110000000101000101001100011010000001101111101000000010110000000011100001000000011010000000111101111110000010110000001011101011110000011111000000100101001011100111110000000011001011100000011100000001011001000000000001100000000000110000000000001100000000000000000000000001100000000000000000000000001111110000000000000000011111101110000000000000000011101110110000010000010000011011101010000111111111000010101011111111111010111111111110
0.6754_9neigh_outertot_code85507_IC2_iter20.png,3,5,19,0.846994161972378,84,000000000000001111100000000010100100100101111101001010000000000000001111100000000010100000000001100011101010000000000010101100001100000000101100000000000000001000010100001010010000000101010000000001000000000000001000110000100010000000010000000110000000010100101010000010001000000000000000010010000001010000000111111111000010001000001000111111111000000001001000000000000100010101110000100000001010101010000110101000000000000100011111110100001010001000000111111110100100011111010010100011110000010001100000000101011000001001001100010001100011010100000010011100001101011000110100010011000001100011000000110110000000000011000010101000000100000001011010000000000100011101000000000010100101100000000001001010000000001100000011100000000
0.6845_9neigh_outertot_code491_IC2_iter20.png,3,6,20,0.9005890912789549,59,111101001111101111100101111100000110000000000011000001100000110000000000011000001100000100000000000001000001000000111000111000111000000100000111000000000111000001011111110010111010011111110011011100000111000001110110100011001011111110100110001100000000011111110000000001100000101111100001101000001100000001111101101100000001100010111111110011111010001000010111111110011111010000100010111111101101111010001100000001111100001100000001100000101111111111101000001100000000011111110000000001100011001011111110100110001011011100000111000001110110011111110010111010011111110100000111000000000111000001000000111000111000111000000100000100000000000001000001100000110000000000011000001100000110000000000011000001111101001111101111100101111
0.7594_5neigh_outertot_code462_IC1_iter25.png,3,7,21,0.9668164998304252,98,000001101101111101101100000000010101011111110101010000000110000011000110000011000001001111111101111111100100011011001011101110100110110100110011001010100110011001110100010110111011010001011000101100010111010001101000110111000100111001000111011100100101000000000101001001011110110000000000011011110111111000000000000000111111110110111000000000111011011110001111000000000111100011110110111000000000111011011111111000000000000000111111011110110000000000011011110100100101000000000101001001110111000100111001000111011000101100010111010001101000110100010110111011010001011100110011001010100110011001011011001011101110100110110001001111111101111111100100000110000011000110000011000000010101011111110101010000000001101101111101101100000
0.2343_9neigh_outertot_code46_IC2_iter05.png,4,1,22,0.2178256379385396,10,000000000000000000000000000000000000000000000000000000000000000000000000000000000000000000000000000000000000000000000000000000000000000000000000000000000000000000000000000000000000000000000000000000000000000000000000000000000100000001000000000000000000000000000100000000000000001000000001100000000000000000000000001100000000000000000000001100000000000000000000000000000000000000000000000000001100000000000000000000000000000000000000000000000000101111100000000000000000100101111100000000000000001110000011100000000000000000000000000000000000000000000000000000000000000000000000000000000000000000000000000000000000000000000000000000000000000000000000000000000000000000000000000000000000000000000000000000000000000000000000000000000
0.4255_5neigh_outertot_code493_IC1_iter10.png,4,2,24,0.4539059575689228,66,111111111111111111111111111111100101111111111101001111110111011111111111110111011111110111111111111111011111101101111111111111111101101101011111111111111111110101110111111111111111111111011101111111111111111111111101111111111111111111111111111111111111011111110111111111111111111101010101111111111111111111110111011111111111111111111101010101111111111111111111111101111111111111111111111101010101111111111111111111110111011111111111111111111101010101111111111111111111011111110111111111111111111111111111111111111101111111111111111111111101110111111111111111111111011101011111111111111111110101101101111111111111111101101111110111111111111111011111110111011111111111110111011111100101111111111101001111111111111111111111111111111
0.5986_5neigh_outertot_code489_IC2_iter40.png,4,3,25,0.7973260104912844,32,111111111111111111111111111100000000000000000000000001101111111111111111111111101101000000000000000000000101101011111111111111111110101101010000000000000000010101101010111111111111111010101101010100111110111001010101101010100101001111001010101101010111111001011111010101101010100100111111111010101101010100111001100111010101101010011001001100111010101101010011101110011001010101101010011110010011001010101101010110110011100111010101101010111101100100101010101101010110011100111111010101101010110010111001001010101101010111111001001001010101101010111111111111111010101101010000000000000000010101101011111111111111111110101101000000000000000000000101101111111111111111111111101100000000000000000000000001111111111111111111111111111
0.6471_5neigh_tot_code497_IC2_iter30.png,4,4,27,0.8820969625736855,30,000011111100111001111110000000111111001101100111111000001111110011000110011111100011111100110010011001111110111111000011000110000111111111110000001111100000011111111100000011111110000001111111000000111101111000000111110000001111000111100000011100100011110010011110001001001110111100111001111011100011011111000000000111110110110001110010101010011100011100101100110000011001101001110001110010101010011100011011011111000000000111110110001110111100111001111011100100100011110010011110001001110000001111000111100000011111000000111101111000000111111100000011111110000001111111110000001111100000011111111111000011000110000111111011111100110010011001111110001111110011000110011111100000111111001101100111111000000011111100111001111110000
0.6541_5neigh_tot_code481_IC2_iter35.png,4,5,26,0.8325060520687275,70,001111000000000000000111100010001100010000010001100010100000111000010000111000001100001100001000100001100001100010000010000010000010001110100001011000110100001011011100000001101100000001110001000010000111000010000100001001001000010000100100100000000000100000001000000000010011000000010000000110010000101100000111000001101000000000110001101100011000000001000011011000110110000100001100011011000110110001100001100110001101100011001100011000100000000000001000110000101000100000001000101000000001100000000000001100000010000010100000001010000010001100001100000001100001100000101001000000000100101000000000000000111000000000000100101100001101100001101001100000100011000110001000001010000010000010000010000010001100000000000000000001100
0.7710_9neigh_outertot_code143954_IC3_iter30.png,4,6,28,0.971016706825666,108,010010000100001010000111100000010011000010101001011101100110111001001000100010000001010010010101110011111011010011111110001110011011001110010011110001101010000010000100000000000111000000011001000000010011100101110001100110111111011100001011001101111100001001000010111001011100010100101100100010010000001110111101101011001111000101010101000011111101110001000011011001001010000100000100101110111001001110101000001111110001001000011010000011010000010011000000001100010100010101010100010011010010010010100000010010110010010010110000100010100011100110110111100001101010001000010000100110000101100000110011100001000011001111111101111011001011011100011000011101100011011101100101010101000010111101111100110100010011010100001010011000100
0.8890_5neigh_outertot_code468_IC2_iter25.png,4,7,23,0.2991310414639597,676,010101010101010101010101010101010101010101010101010101010101010101010101010101010101010101010101010101010101010101010101010101010101010101010101010101010101010101010101010101010101010101010101010101010101010101010101010101010101010101010101010101010101010101010101010101010101010101010101010101010101010101010101010101010101010101010101010101010101010010101010101001010101010101101010101010111010101010101010101010101000101010101010101010101010111010101010101010101010101000101010101010101010101010111010101010101010101010101000101010101010101010101010111010101010101010101010101000101010101010101010101010111010101010101010101010101000101010101010101010101010111010101010101010101010101000101010101010101010101010111010101010101
0.2744_9neigh_outertot_code497_IC2_iter30.png,5,1,29,0.2562120544062412,29,111010111100111001111010111101111111110111011111111101111111111111111111111111111011111111111111111111111110111111111111111111111111111011111111111111111111111110111111111111111111111111111111111111111111111111111111111111111111111111111111111111111111111111111111111111011111111111111111111111110001111111111111111111111100111111111111111111111111111111111111111111111111111111111111111111111111111111111001111111111111111111111100011111111111111111111111110111111111111111111111111111111111111111111111111111111111111111111111111111111111111111111111111111111111111011111111111111111111111110111111111111111111111111111011111111111111111111111110111111111111111111111111111101111111110111011111111101111010111100111001111010111
0.3514_5neigh_tot_code24_IC3_iter20.png,5,2,31,0.4102956940145065,13,000000000000000000000000000000000000000000000000000011000000000000000000000000011000000000000000000000000000000000000000000000000000000000000000000000000000000000000000000000110001100000000000000000000110001100000011000110000000000000000000011000110000000000000000000000000110000000000000000000000000110000000000000000000000000101111000000000000000000000111111000000000000000000000000000000000000000000000000000000000000000000000000000000000000000000000000110000000110000000000000000110000000110000000000000011110000000110000000011000011110000000110000000011000000011000000000000000011000000011000000000000000011000000000000000000000000000000000000000000011110001100000000000111000011110001100000000000111000000000000000000000000
0.4209_5neigh_outertot_code174_IC1_iter10.png,5,3,30,0.3726122402818334,114,000000000000000000000000000000000000000000000000000000000000000000000000000000000000000000000000000000000000000000000000010000000000000000000000000111000000000000000000000000010000000000000000000000000101000000000000000000000001010100000000000000000000010101010000000000000000000101010101000000000000000001010101010100000000000001010101010101010100000000011101010101010101110000000001010101010101010100000000000001010101010100000000000000000101010101000000000000000000010101010000000000000000000001010100000000000000000000000101000000000000000000000000010000000000000000000000000111000000000000000000000000010000000000000000000000000000000000000000000000000000000000000000000000000000000000000000000000000000000000000000000000000
0.6065_5neigh_outertot_code493_IC2_iter15.png,5,4,32,0.7861743337667199,48,111111111111111111111111111101111111111101111111111101111101111111000111111101111111000101110000011101000111110000011100000001110000011111000111101011010100000111111101101111111111110001111111011111101111110111010111111111001111100111110111111111110011111011011111011111111100111011100111011101111111000011111111111111000111110000001010111101010000011100000011111111111111000001110000111011100111011100011111000011111011011111000111111100001111100111110001111111110011101111110111011111111111111111111111111111111111011110101011010101110111111101110000000000011101111111000111000000000111000111110000011100000001110000011111000101110000011101000111111101111111000111111101111101111111111101111111111101111111111111111111111111111
0.6593_5neigh_tot_code52_IC3_iter35.png,5,5,33,0.8795074704481886,45,000000111111110000000011100000001111100001101010001000000001111110000101110111100000001011110111110100111000000011111110101010000000000000000111101110010000111100000001110000100111010110100000001010110010010010101100000011010011100000110000000000000111010000000000110000001100011111110010010011000000011011111001110001011000000111111110000100111101000001111111111110101111001101000111111111111000001010010001111111111111101100010000001011111111111111111000100000011111110011100100011100000001101111111101011110000000000011000111100000000000000000010011110100000000000000000001010001000000000000001101000101000000000100000001000110010000000000100000000110001010000000000000000000000000101000001000000000000000000000000001000000110
0.7510_5neigh_outertot_code478_IC1_iter35.png,5,6,34,0.9297137410864044,113,011111100011111110001111110101101101111111111101101101111110011001111100110011111111100110111111111011001111101001101101101101101100101110010001111010111100010011110110100011010110001011011001100011011000110110001100011011010100111001010110110010111001100111001100111010110101110011010110011101011111111110011000110011111111111110001100111001100011111111101101110111011101101111111110001100111001100011111111111110011000110011111111110101110011010110011101011010111001100111001100111010011011010100111001010110110001100011011000110110001100110110100011010110001011011110010001111010111100010011101001101101101101101100101111100110111111111011001111111110011001111100110011111101101101111111111101101101011111100011111110001111110
0.7557_9neigh_outertot_code143954_IC3_iter20.png,5,7,35,0.9729319506742444,90,001000101000110110100011100001111000010001100001101101010001111110000110100100001000001001000000101111111100010000000111001100000010000110111110000100100101100100011010011010110000010001111011100110110000100101010111100010011100000100011010010111011000101100010001111100011110001111101011010110001001110000000001010100000011001010001010100101001000000111010100011110001101100011100111000000000001101011111111111010010011010001110000001101100010010001111101000100001010010110100001100010011011010111110001000100111011001010110100001000011100010001010011000000011000011001000001111100010101010000101010111011001101010010100101111001111101100001110001111001000010001101101011101000111011011111100111010111010100110100000010101100001
0.1133_9neigh_outertot_code493_IC2_iter05.png,6,1,36,0.0218120056481487,5,100000000000000000000000001000000000000000000000000000000000000000000000000000000000000000000000000000000000000000000000000000000000000000000000000000000000000000000000000000000000000000000000000000000000000000000000000000000000000000000000000000000000000000000000000000000000000000000000000000000000000000000000000000000000000000000000000000000000000000000000000000000000000000000000000000000000000000000000000000000000000000000000000000000000000000000000000000000000000000000000000000000000000000000000000000000000000000000000000000000000000000000000000000000000000000000000000000000000000000000000000000000000000000000000000000000000000000000000000000000000000000000000000000000000000000000000000000100000000000000000000000001
0.4365_5neigh_outertot_code497_IC2_iter05.png,6,2,38,0.5657871324342701,5,111111111111111111111111111111111111111111111111111111111111111111111111111111111111000000000000000000000111111000000000000000000000111111000000000000000000000111111000000000000000000000111111000000000000000000000111111000000000010000000000111111000000000111000000000111111000000000111000000000111111000000010111000000000111111000000111101101000000111111000000110111111100000111111000001111111111100000111111000000110111001000000111111000000000111000000000111111000000001111100000000111111000000000111000000000111111000000000000000000000111111000000000000000000000111111000000000000000000000111111000000000000000000000111111000000000000000000000111111111111111111111111111111111111111111111111111111111111111111111111111111111111
0.6098_9neigh_outertot_code191044_IC1_iter20.png,6,3,39,0.7702311617391767,62,000110000000000000000011000011011100011111110001110110011101100011111110001101110101011111111000111111110101110111000111101111000111011011111111011111110111111110011101111111111111111101110000101111111111111111101000000101111111111111111101000000110111111101111111011000011111111111111111111111110011111111110111011111111110011011111111111111111110110011001111011101110111100110011011111111111111111110110011111111110111011111111110011111111111111111111111110000110111111101111111011000000101111111111111111101000000101111111111111111101000011101111111111111111101110011111111011111110111111110110111000111101111000111011101011111111000111111110101011101100011111110001101110011011100011111110001110110000110000000000000000011000
0.6307_5neigh_outertot_code481_IC1_iter35.png,6,4,40,0.8559935464734297,29,111111111111111111111111111100000000000000000000000001101111111111111111111111101101000000000000000000000101101011111111111111111110101101010000000000000000010101101010000000000000000010101101010010111111111010010101101010000111111111000010101101010011000000000110010101101010011011000110110010101101010011010111010110010101101010011001101100110010101101010011001010100110010101101010011001101100110010101101010011010111010110010101101010011011000110110010101101010011000000000110010101101010000111111111000010101101010010111111111010010101101010000000000000000010101101010000000000000000010101101011111111111111111110101101000000000000000000000101101111111111111111111111101100000000000000000000000001111111111111111111111111111
0.7779_9neigh_outertot_code3276_IC3_iter20.png,6,5,42,0.9765683593847632,112,000000111000110111100001100111110011100110001011011010001001000001101111000000111011000000111001111110100111010001110101110000001010001001010011010100011100011010010100010001011000001111010101110110010100011101101001111100001010100000100100001110100100000000100011001100010100000101011111011110001111101111101101001101110000111000111110001000011110010011011000000111111101100010000100010100100010100101101010001001010100011111001101001010100111011100110000001100011101000001110010010110011010010111110000001011000110110000011010100101100100111100011010000110110001111110011111011000001001000001011001101010001101111100000000101110110000000000001110111010111101110011100100101110100001101100001101111010100011000101000110000010000
0.7926_5neigh_outertot_code454_IC1_iter35.png,6,6,41,0.9676097794179505,134,010100101100101001101001010111100011001000100110001111011011100000101000001110110110001110011010110011100011001011111001111100111110100001111111001010100111111100101111100100111001001111101010111000010010010000111010110011000010101010000110011100000100111111111001000001000100011100111001110001000010111000100111001000111010101010101111101111101010101000111110111000111011111000101010101111101111101010101010111000100111001000111010000100011100111001110001000100000100111111111001000001110011000010101010000110011010111000010010010000111010101111100100111001001111101001111111001010100111111100001011111001111100111110100110001110011010110011100011011011100000101000001110110111100011001000100110001111010100101100101001101001010
0.8617_5neigh_outertot_code452_IC1_iter40.png,6,7,37,0.3375488009445939,621,010100010101010101010001010101000101010000010101000101010101010101010101010101010101010101010101010101010101000101010101010101010101000001010101010101010101010100010101010101010101010101010101010100010101010001010101010101000101010101000101010101010101010101010101010101010101010101010101010101010101010101010101010101010101000101010101010101010101000101010101010101010101010101000101010101010101010101000101010101010101010101010101010101010101010101010101010101010101010101010101010101010101000101010101000101010101010100010101010001010101010101010101010101010101010001010101010101010101010100000101010101010101010101000101010101010101010101010101010101010101010101010101010101000101010000010101000101010100010101010101010001010
0.2352_5neigh_outertot_code750_IC2_iter05.png,7,1,43,0.2255708268386491,6,000000000000000000000000000000000000000000000000000000000000000000000000000000000000000000000000000000000000000000000000000000000000000000000000000000000000000000000000000000000000000000000000000000000000000000000000000000000000010000000000000000000000000011000000000000000000000000110000000000000000000000001011000000000000000000000111110101000000000000000000011111111100000000000000001111111111100000000000000000010111010000000000000000000001111100000000000000000000000111000000000000000000000000111000000000000000000000000000000000000000000000000000000000000000000000000000000000000000000000000000000000000000000000000000000000000000000000000000000000000000000000000000000000000000000000000000000000000000000000000000000000000
0.5292_5neigh_outertot_code497_IC2_iter10.png,7,2,44,0.6744294655429091,36,111111111111111111111111111111111111111111111111111111111001111111111111111100111110011111111111111111110011110101111111111111111101011111110000000111000000011111111110011111010111110011111111110110001101100011011111111110101111101111101011111111110101111111111101011111111110101111111111101011111111111111111101111111011111111111111111110110010011111111110111111011110000011111111111101110111111000011111111111011111011111110011111111110111111111111111011111111110101101101101101011111111110101110111011101011111111110110011010110011011111111110011110010011110011111111110000000111000000011111110101111111111111111101011110011111111111111111110011111001111111111111111100111111111111111111111111111111111111111111111111111111111
0.5983_5neigh_outertot_code491_IC2_iter40.png,7,3,45,0.8013583542890702,29,111111111111111111111111111100000000000000000000000001101111111111111111111111101101000000000000000000000101101011111111111111111110101101010000000000000000010101101010111111111111111010101101010100100111111001010101101010100100111111001010101101010111111001010111010101101010111101001111001010101101010111100110001001010101101010010010000100111010101101010010011111010111010101101010101111011111111010101101010100011111111001010101101010101001010011001010101101010111111110011001010101101010101111001100111010101101010111101001100101010101101010111111111111111010101101010000000000000000010101101011111111111111111110101101000000000000000000000101101111111111111111111111101100000000000000000000000001111111111111111111111111111
0.6465_5neigh_tot_code478_IC2_iter15.png,7,4,48,0.9085637425139398,12,000000000001111100000000000000000000011000110000000000000000000110010011000000000000000001100111001100000000000000011001101100110000000000000110011000110011000000000001100110010011001100000000011001100111001100110000000110011001101100110011000001100110011000110011001100011001100110010011001100110110011001100111001100110011100110011001101100110011001100110011001100110011001101101100110011000110011001101100110011001111100110011001110011001100111001100110011011001100110000011001100110001100110011000110011001100000110011001111100110011000000011001100111001100110000000001100110000011001100000000000110011000110011000000000000011001111100110000000000000001100111001100000000000000000110000011000000000000000000011111110000000000
0.6493_9neigh_outertot_code184_IC2_iter39.png,7,5,46,0.8352107704266692,63,101111010111111111111111111100000011000000000000000000101111000011111111110101101100000011100000000000101101101111010001111010100000001101000001010001010111111101100101101010101010000000101110110101010101010111110101000000101010001000000000101111111101011010101111010101100000010100010101000010101101011010001010101011110101101000001101010101000000001101011100000010101011111101101000011111010000000000001100111000000101100011111101110000011110100000000000001010111100000101011101111101100100010110101000010000001110100010100101111010101101100001000000000001010100101101110111111111101010110101100000000000000001010000101101111111111111100001110001101000000000000011101001101100101010110101000000000000111101010110101111111111111
0.7062_5neigh_outertot_code497_IC1_iter35.png,7,6,47,0.8971540483734468,85,111111111111111111111111111111001100001101100001100111110011110001111100011110011100001111010010010111100001101011011110111011110110101111111001011111110100111111111100111111000111111001111101110110101111101011011101100111101111000111101111001100010111101101101111010001100111101010101010101111001111001111101111101111100111111011010111111111010110111101111010001111100010111101111011010111111111010110111111001111101111101111100111100111101010101010101111001100010111101101101111010001100111101111000111101111001101110110101111101011011101111100111111000111111001111111111001011111110100111111101011011110111011110110101100001111010010010111100001110011110001111100011110011111001100001101100001100111111111111111111111111111111
0.7745_5neigh_tot_code469_IC2_iter15.png,7,7,49,0.9417446189245124,131,011011011011101110110110110101010001000000010100010101110100100111111111001001011001000001010101000000000100110000101010111010101000011100000101010100000100000001001010101101111101101010100100010000010100000101000001110010011110010011110010011000010001000101000000010100111101111000111000111101111001000100000100000001000001110110001110111011100011011001000001000000010000010001110100000100010001000001011001000100000100000001000001011101110000010000011101110000010001000101000000010100111000111100111001111000111100010000010100000101000001001000100101111101001000100100000101010100000100000001110000000010010010000000011001000001010101000000000100110100101111111111101001011101010001000000010100010101011011011001101100110110110
0.2140_9neigh_outertot_code184_IC2_iter05.png,8,1,50,0.1836646302863872,10,000000000000000000000000000000000000000000000000000000000000000000000000000000000000000000000000000000000000000000000000000000000000000000000000000000000000000000000000000000000000000000000000000000000000000000000000000000000000000000000000000000000000000011000000000000000000000000000000000000000000000000001000100000000000000000000000000001000000000000000000000001011100000000000000000100100001100000000000000000100001101000000000000000000001011000000000000000000000000111000000000000000000000000000000000000000000000000000000000000000000000000000000000000000000000000000000000000000000000000000000000000000000000000000000000000000000000000000000000000000000000000000000000000000000000000000000000000000000000000000000000000000
0.4419_9neigh_outertot_code491_IC2_iter10.png,8,2,51,0.5366913127546721,30,111011101111111111101110111100000001111111111100000001100010111111111111111010001000000111111111111111000000101011111111111111111110101100011111111111111111110001101111111111111111111111101001111111111111111111111100111111111111111111111111111111111111111111111111111111111111111111100001111111111111111111111101101111111111111111111111110011111111111111111111111110011111111111111111111111101101111111111111111111111100001111111111111111111111111111111111111111111111111111111111111111111111111111111111111111111001111111111111111111111100101111111111111111111111101100011111111111111111110001101011111111111111111110101000000111111111111111000000100010111111111111111010001100000001111111111100000001111011101111111111101110111
0.7007_5neigh_outertot_code494_IC1_iter35.png,8,3,52,0.8986092320669834,78,000000000001111100000000000000000000011000110000000000000000000100101001000000000000000001100111001100000000000000010011111110010000000000000110010111010011000000000001001111111111100100000000011000111101111000110000000100100010010010001001000001100110011111110011001100010011111100111001111110010110010110100101001011010011101111110111111111011111101100111101110101011101111001101111110111111111011111101110010110100101001011010011010011111100111001111110010001100110011111110011001100000100100010010010001001000000011000111101111000110000000001001111111111100100000000000110010111010011000000000000010011111110010000000000000001100111001100000000000000000100101001000000000000000000011000110000000000000000000001111100000000000
0.7281_9neigh_outertot_code699054_IC2_iter15.png,8,4,54,0.9662936750968476,64,110000000100000001000000010001110111100000001111011101101100010101000101010001011010011110111000111011110101011011000000000000000101101010100111011101110111010101000110110001000100010110000010101001111000111101010101011101101100000001011011101010001010011101110101000101111100011011000101100011111000101010100111010101010001001101110110110110111011011000001000101001010001000000000000000001111010001000000000001000101000110111011011001101110111101110101010001000101010100000001100011111111100011111000111101000101010001010001000100011011101011101111011101110111010101010101000000000000000110000000111110111000111011110101010100010101000101010001101011110111100000001111011101010000000101000101000000011111110111111000111111011111
0.7653_9neigh_outertot_code191044_IC2_iter15.png,8,5,56,0.9767150258463972,98,000000101010011001010001000000000001010000111001101011010101111001110110011010001000000011010100101000010100011000100111001000100010000010111100111011100000010000010001011000000010011110111111001000000100011001110101000100001111100010101010110011001010111010111100101000100001000001100111111100000110101010000000011010010011000000110000101100111111000010100011111000011001111100001111101111110100101110111001100000111101000101111001000000010111111001111110010001010011111111010111011100000101111111111000010001000111101100011010111000100000011001100110110011110010100100101111110001111110001111101101111100000011100011111010001011011010101010010100001111010110000110011000111111111011101100011010000111001011100000011000010111000
0.7669_5neigh_outertot_code461_IC1_iter35.png,8,6,55,0.9717596220077628,103,001011000111010111000110100001010001011000110100010100111001111100010001111100111000100111010111010111001000110010011101101101110010011101001110011101110011100101001101000111101111000101100001111001111101111100111100011110010000101000010011110101010110001101100011010101110101110011101110011101011110011110111000111011110011000111111110010011111111000101100000000111000000001101000111111110010011111111000110011110111000111011110011110101110011101110011101011101010110001101100011010101011110010000101000010011110001111001111101111100111100001101000111101111000101100101001110011101110011100101110010011101101101110010011000100111010111010111001000111001111100010001111100111001010001011000110100010100001011000111010111000110100
0.7861_5neigh_tot_code469_IC2_iter10.png,8,7,53,0.9566962770626366,134,111111110000000000011111111111111001111111111100111111111110110000000000011011111111101001111101111100101111111010110000110000011010111110101001111001011100101011101010110001011100011010101101010110000111000011010101010101001111111111100101010010101001111111111100101010010101001111111111100101010010100001111101111100001010010110001111001111101001010010110011111001011101000010010000111110100011110010010010110101111000111101011010010101001111111111100101010010101001111111111100101010010101001111111111100101010101010110000010000011010101101010110000110000011010101110101001111001011100101011111010110001011100011010111111101001111000111100101111111110110000000000011011111111111001111111111100111111111111110000000000011111111
0.2456_9neigh_outertot_code15822_IC1_iter05.png,9,1,57,0.224586788615542,18,000000000000000000000000000000000000000000000000000000000000000000000000000000000000000000000000000000000000000000000000000000000000000000000000000000000000000000000000000000000000000000000000000000000000000000000000000000000000000000000000000000000000100010001000000000000000000010111010000000000000000000001010100000000000000000000010000010000000000000000000111000111000000000000000000010000010000000000000000000001010100000000000000000000010111010000000000000000000100010001000000000000000000000000000000000000000000000000000000000000000000000000000000000000000000000000000000000000000000000000000000000000000000000000000000000000000000000000000000000000000000000000000000000000000000000000000000000000000000000000000000000000
0.3316_9neigh_outertot_code224_IC3_iter25.png,9,2,58,0.3709748019792861,17,011000000000000000000000000011000000000000000000000000000000000000000000000000000000000000000000000000000000000000000000000000000000000000000000000000000000000000000000000000000000000000000000000000000000000000000000000000000000000000001110000000000000000000000000000000000000000000000001110000100000000000000000001010000100000000000100000001011000100000000001010000000001000000000000000010000000001110000000000000100000000000000000000000100010000000000000000000001001111100000000000000000000111100100000000000000000000110010110000000000000011000011000100000000000000010100010011000000000000000011000010000000000000000000000000010000000000000000000000000000000000000000000000000000000000000000000000000000000000000000000000000000
0.4810_5neigh_outertot_code485_IC2_iter10.png,9,3,59,0.5105466114521302,90,111111111111111111111111111101110101111111111101011101110101011111111111110101011111010111111111111111010111110101111111111111111101011101011111111111111111110101110111111111111111111111011101111111111111111111111101111111111001111110011111111111111111101111111011111111111111110110110001111111111111111111110111001111111111111111111111010101111111111111111111110101111111111111111111111101110111111111111111111111100101001111111111111111111100011110011111111111111110111111111011111111111111110011111101111111111101111111111111111111111101110111111111111111111111011101011111111111111111110101110101111111111111111101011111010111111111111111010111110101011111111111110101011101110101111111111101011101111111111111111111111111111
0.5902_5neigh_outertot_code491_IC1_iter30.png,9,4,61,0.7831628093666413,32,111111111111111111111111111100000000000000000000000001101111111111111111111111101101000000000000000000000101101011111111111111111110101101010000000000000000010101101010111111111111111010101101010101100000001101010101101010111110101011111010101101010111011111110111010101101010101110101011101010101101010100101111101001010101101010101111101111101010101101010100101000101001010101101010101111101111101010101101010100101111101001010101101010101110101011101010101101010111011111110111010101101010111110101011111010101101010101100000001101010101101010111111111111111010101101010000000000000000010101101011111111111111111110101101000000000000000000000101101111111111111111111111101100000000000000000000000001111111111111111111111111111
0.6111_9neigh_outertot_code85507_IC1_iter10.png,9,5,60,0.7540329631872313,74,000000001111111111100000000010100101111111111101001010000000001111111111100000000010100000000000000000001010000000000000000000000000000000000010010000010010000000010000000000000000000000010000001000000010000000100000111000001010000010100000111111000000000000000000000111111001001010101010100100111111000000000000000000000111111000000010000010000000111111000010000010000010000111111000000010000010000000111111000000000000000000000111111001001010101010100100111111000000000000000000000111111000001010000010100000111000001000000010000000100000010000000000000000000000010000000010010000010010000000000000000000000000000000000010100000000000000000001010000000001111111111100000000010100101111111111101001010000000001111111111100000000
0.7010_9neigh_outertot_code699054_IC1_iter16.png,9,6,62,0.961979984373074,37,111110111111000111111011111110000000101000101000000011101110111100000001111011101101100010101000101010001101101011110111000111011110101000011000000000000000110000101010111011101110111010101101110110001000100011011101101000101111000111101000101111110001100000001100011111100010101011101110101010001110110111011000110111011011000000100010111010001000000000000000000111000000000000000000100010111010001000000110110111011000110111011011100010101011101110101010001111110001100000001100011111101000101111000111101000101101110110001000100011011101101010111011101110111010101000011000000000000000110000101011110111000111011110101101100010101000101010001101101110111100000001111011101110000000101000101000000011111110111111000111111011111
0.7953_5neigh_outertot_code467_IC1_iter40.png,9,7,63,0.9798178198285872,129,110011101011101110101110011100111001011000110100111001001011110010101010011110100010001000101101101000100010111000010110000011010000111111101110101101101011101111101001001110101011100100101001011000100101001000110100110000101111000111101000011000111111100101001111111000111010101001000100101010111110101001010000010100101011101101110100000001011101101000000000000000000000000000101101110100000001011101101110101001010000010100101011111010101001000100101010111000111111100101001111111000110000101111000111101000011001011000100101001000110100101001001110101011100100101111101110101101101011101111111000010110000011010000111010001000101101101000100010001011110010101010011110100100111001011000110100111001110011101011101110101110011
0.1466_5neigh_tot_code453_IC2_iter20.png,10,1,64,0.0793894468859112,4,111111111111111111111111111111111111111111111111111111111111111111111111111111111111111111111111111111111111111111111111111111111111111111111111111111111111111111111111111111111111111111111111111111111111111111111111111111111111111111111111111111111111111111111111111111111111111111111111111111111111111111111111111111111111111111111111011111111111111111111111110001111111111111111111111111010111111111111111111111111100011111111111111111111111110111111111111111111111111111111111111111111111111111111111111111111111111111111111111111111111111111111111111111111111111111111111111111111111111111111111111111111111111111111111111111111111111111111111111111111111111111111111111111111111111111111111111111111111111111111111111111111
0.3769_5neigh_outertot_code750_IC1_iter10.png,10,2,65,0.4456277592261113,18,000000000000000000000000000000000000000000000000000000000000000000000000000000000000000000000000000000000000000000000000010000000000000000000000000111000000000000000000000000010000000000000000000000000111000000000000000000000001010100000000000000000000011111110000000000000000000100111001000000000000000001100111001100000000000001010111010111010100000000011111111111111111110000000001010111010111010100000000000001100111001100000000000000000100111001000000000000000000011111110000000000000000000001010100000000000000000000000111000000000000000000000000010000000000000000000000000111000000000000000000000000010000000000000000000000000000000000000000000000000000000000000000000000000000000000000000000000000000000000000000000000000
0.6068_5neigh_outertot_code483_IC2_iter35.png,10,3,67,0.8310435124812716,19,111111111111111111111111111100000000000000000000000001101111111111111111111111101101000000000000000000000101101011111111111111111110101101010000000000000000010101101010111000000001111010101101010100111111111001010101101010101111100011001010101101010110000001011011010101101010010000100000010010101101010010000001110010010101101010010111111011110010101101010010111110010010010101101010010111011010010010101101010010000011110010010101101010011111111001010010101101010111111000010010010101101010111111011001110010101101010111110101001100010101101010000000100100001010101101010000000000000000010101101011111111111111111110101101000000000000000000000101101111111111111111111111101100000000000000000000000001111111111111111111111111111
0.6895_5neigh_outertot_code493_IC1_iter20.png,10,4,66,0.714319788998292,186,111111111111111111111111111111010111011111110111010111110111011101111101110111011101010111010111010111010101111111110101111101011111111101010101111111111101010101110111011101010101110111011111110101110111011101011111111101110101010101011101111101011111011111110111110101110101010101010101010101011111011101110111011101110111111111010101010101010111111111111111111101111111111111111111010101010101010111111111011101110111011101110111110101010101010101010101011101011111011111110111110101111101110101010101011101111111110101110111011101011111110111011101010101110111011101010101111111111101010101111111110101111101011111111101010111010111010111010101110111011101111101110111011111010111011111110111010111111111111111111111111111111
0.7101_5neigh_outertot_code467_IC1_iter10.png,10,5,69,0.9021786191903493,86,100001000000000000000100001000100111111111111111001000000010000000000000000010000010001011111111111110100010001001000000010000000100100100110011111101111110011001010000100000101000001000010010101010001000100010101010010101001110000011100101010010101001100000001100101010010101001000000000100101010010101010000000000010101010010101100000000000001101010010110000000000000000011010010101100000000000001101010010101010000000000010101010010101001000000000100101010010101001100000001100101010010101001110000011100101010010101010001000100010101010010000100000101000001000010100110011111101111110011001001001000000010000000100100010001011111111111110100010000010000000000000000010000000100111111111111111001000100001000000000000000100001
0.7420_5neigh_tot_code469_IC2_iter35.png,10,6,68,0.8624831416622412,147,010010000000000000000010010101000000000000000000000101010111000000000000000111010001000100000000000001000100101000101111111111101000101001000101000000000101000100000111010100111001010111000000000101010001010101000000000011010110000011010110000000010101010000000101010000000010010000111000010010000000010000010000000100010000000010011110111011110010000000010101010100000100010000000010110110010011011010000000010000010000000100010000000010011000111000110010000000010101010000000101010000000011010100101001010110000000000101010001010101000000000111010100010001010111000001000101000000000101000100101000101111111111101000101001000100000000000001000100010111000000000000000111010101000000000000000000000101010010000000000000000010010
0.7457_9neigh_outertot_code152822_IC3_iter25.png,10,7,70,0.960681764435038,87,011011000011010100000001001101000000000001000000001000011010001111100011010001100110000001110001110010000000101110000100100000101010000011111100001110000001010000110101111000100000000000011110111111000110110000000101111010011110010011101111110110001001110110000000111101100000001011111110101010010011011100100110001110011111100000001001100010000111110110010010100000011100000011001010010000000000000110111111000000011011011011111011111100010000000000111100011100110100000001000000111101110000000011100010101111111011000110011011101001011101011100001111100011000111111111110011111111111111010111011110111000001101111110001111111111111011111101111000000111110110001111000111100000100011000010011000010111100111111110101001110111100
0.2225_5neigh_tot_code4_IC3_iter35.png,11,1,71,0.1902742785833433,15,000000000000000000000000110000000000000000000000000000000000000000000000000000000000000000000000000000000000000000000000000000000000000000000000000000000000000000000000000000000000000000000000000000000000000000001000000000000000000000000010000000000000000000000000000000000000000000000110000000000000000000000000100000000000110000000000000000000000000000000000000000000000000000000000000000000110000000000000000000000000000000000000000000000000000000000000000000000000000000110001010000000000000000000000000000000001000001000000000001010000001000001000000000000000000000000000000000000000000000000000000000000000000000000000000000000000000000000000000000000000000000000000000000000000000000000000001000000000000000000000000001000
0.3039_9neigh_outertot_code256746_IC2_iter25.png,11,2,72,0.347287799177756,2,000000000000000000000000000000000000000000000000000000000000000000000000000000000000000000000000000000000000000000000000000000000000000000000000001010100000000000000000100111111111001000000000001110111111111011100000000011111111111111111110000000001111111111111111100000000000111111111111111000000000001111111111111111100000000001111111111111111100000000000011111111111110000000000000111111111111111000000000000011111111111110000000000000011111111111110000000000000000101010101000000000000000000000000000000000000000000000000000000000000000000000000000000000000000000000000000000000000000000000000000000000000000000000000000000000000000000000000000000000000000000000000000000000000000000000000000000000000000000000000000000000000
0.4804_9neigh_outertot_code483_IC2_iter10.png,11,3,73,0.586131803873728,40,011111001111111111100111110100011001111111111100110001100000111111111111111000001100101111111111111111101001110011111111111111111110011110111111111111111111111011001111111111111111111111100001111111111111111111111100111111111111111111111111111111111111100000001111111111111111111101011001111111111111111111110001001111111111111111111010011001111111111111111111000011001111111111111111111010010101111111111111111111001000101111111111111111111110100011111111111111111111111010101111111111111111111111100001111111111001111111111111111111111100001111111111111111111111100110111111111111111111111011110011111111111111111110011100101111111111111111101001100000111111111111111000001100011001111111111100110001011111001111111111100111110
0.6355_5neigh_outertot_code485_IC1_iter40.png,11,4,74,0.8134343165694118,62,111111111111111111111111111111111111100010001111111111110100111110111011111001011111001111101111101111100111110011011100111001110110011110111111001111100111111011111101111111010111111101111111111110011101110011111111111111100101101101001111111111110101111101111101011111101000110101111101011000101100101111111000111111101001101111011110000011110111101111111100010000010001111111101111011110000011110111101100101111111000111111101001101000110101111101011000101111110101111101111101011111111111100101101101001111111111111110011101110011111111111101111111010111111101111110111111001111100111111011110011011100111001110110011111001111101111101111100111110100111110111011111001011111111111100010001111111111111111111111111111111111111
0.6660_5neigh_tot_code497_IC2_iter20.png,11,5,75,0.916858816679865,28,001100001100111001100001100011000011001111100110000110110000110011000110011000011100001100110000011001100001000011001100000001100110000000110011000010000110011000001100110000111000011001100011001100001111100001100110110011000011111110000110011100110000111111111000011001001100001111111111100001100011000011110000011110000110110000111110101011111000011110001111110000011111100011110000111110101011111000011011000011110000011110000110001100001111111111100001100100110000111111111000011001110011000011111110000110011011001100001111100001100110001100110000111000011001100000110011000010000110011000000011001100000001100110000100001100110000011001100001110000110011000110011000011011000011001111100110000110001100001100111001100001100
0.7264_9neigh_outertot_code699054_IC2_iter16.png,11,6,76,0.9633856455933564,64,110000000100000001000000010001110111101101101111011101101100010101000101010001011010011110111000111011110101011011000000000000000101101010100111011101110111010101000110110001000100010110000010101001111000111101010101011101101100000001011011101010001010011101110101000101111100011011000101100011111000101010100111010101010001011101110110110110111011011010001000101001010001000000000000000001111010001000000010001000101000110111011011011101110111101110101010001000101010100000001100011111111100011111000111101000101010001010001000100011011101011101111011101110111010101010101000000000000000110000000111110111000111011110101010100010101000101010001101011110111100000001111011101010000000101000101000000011111110111111000111111011111
0.7857_9neigh_outertot_code3276_IC3_iter10.png,11,7,77,0.9804606443733836,118,110101101000100100110101101011010111110001011111010000111011101000011111001111111100111100000101000101101100010010110000000001011001011110000100000011010101001100110110110110010111010110000100000010011011000001000100101101010110101101000000101111100010000110000111111000000110001000001000001011101111111010001001100100101111001010101111000100110011110010011111010000101100001110110010001101111010110100111000100101001000111010010010101110110010000111100000000101001010111000100110110000110010001101011111100111110111101001110100100110110001011011111110100110111101110010101000111111100011000101101100000011011111000011010011000111011000011001010011010110001100010101111111100011000000000100101101100101111110110011100000001100001
0.3581_5neigh_outertot_code493_IC2_iter05.png,12,1,78,0.436944813114559,3,111111111111111111111111111111000000000000000000000111110000000000000000000000011100000000000000000000000001100000000000000000000000001100000000000000000000000001100000000000000000000000001100000000000000000000000001100000000000000000000000001100000000000000000000000001100000000000100100000000001100000000001111110000000001100000000000111100000000001100000000001111110000000001100000000000100100000000001100000000000000000000000001100000000000000000000000001100000000000000000000000001100000000000000000000000001100000000000000000000000001100000000000000000000000001100000000000000000000000001100000000000000000000000001100000000000000000000000001110000000000000000000000011111000000000000000000000111111111111111111111111111111
0.4295_5neigh_tot_code467_IC2_iter10.png,12,2,79,0.5126409163433703,32,001110011111111111110011100010100001111111111100001010100011111111111111111110001110111111111111111111111011101111111111111111111111101001111111111111111111111100001111111111111111111111100101111111111111111111111101111111111111111111011111111111111111111111110011111111111111111111111111011111111111111111111111001011111111111111111111111100011111111111111111111111100011111111111111111111111111111111111111111111110111111011111111111111111110001110011111111111111111011001100011111111111111110000001000011111111101111111111111111111111101001111111111111111111111100001111111111111111111111100101111111111111111111111101110111111111111111111111011100011111111111111111110001010100001111111111100001010001110011111111111110011100
0.5817_9neigh_outertot_code191044_IC1_iter10.png,12,3,80,0.759619233755914,38,000000000000000000000000000000000000000000000000000000000000000000000000000000000000000000000000000000000000000011100000111000001110000000010111111101111111010000000011110000000000011110000000001100010101010001100000000001001101111101100100000000001001000000000100100000000001010001000100010100000000001001010111010100100000000011011001111100110110000000010001001101100100010000000011011001111100110110000000001001010111010100100000000001010001000100010100000000001001000000000100100000000001001101111101100100000000001100010101010001100000000011110000000000011110000000010111111101111111010000000011100000111000001110000000000000000000000000000000000000000000000000000000000000000000000000000000000000000000000000000000000000000
0.7116_5neigh_outertot_code469_IC1_iter15.png,12,4,81,0.8434276513958406,126,010110110111111111011011010101001101100000001101100101010100101000000000101001010101011100000000000001110101100101000000000000000101001010110000000000000000011010111100000000010000000001111100000000000111000000000001011000000001010100000000110110000000011111110000000011100000000101010101000000001100000001110111011100000001100000010101010101010000001100000111111111111111000001100000010101010101010000001100000001110111011100000001100000000101010101000000001110000000011111110000000011011000000001010100000000110100000000000111000000000001111100000000010000000001111010110000000000000000011010100101000000000000000101001101011100000000000001110101010100101000000000101001010101001101100000001101100101010110110111111111011011010
0.7295_5neigh_outertot_code457_IC1_iter25.png,12,5,82,0.8721238123967918,127,110101000000000000000101011100000100000000000001000001000010010000000000010010000100110001000101000100011001001101100000000000001101100100010001010111010100010001010010010011000110010010010001000101110101011101000100000101010001111100010101000000000010100010001010000000000001110010111010011100000000000101000000000101000000000101011010000010110101000000001001110010011100100000000101011010000010110101000000000101000000000101000000000001110010111010011100000000000010100010001010000000000101010001111100010101000001000101110101011101000100010010010011000110010010010100010001010111010100010001001101100000000000001101100100110001000101000100011001000010010000000000010010000100000100000000000001000001110101000000000000000101011
0.7340_5neigh_tot_code38_IC3_iter40.png,12,6,84,0.9669991259544,70,010100111111110001011011011101000111101110101001110001110000001011110000001101111011000001100001111111100100111011111111011100000001010000011111111111100110000011011011011011111100111001111100010011101111100010001011110110010111111100000001100110011110011100111111111101101010001101101111111111001101001100110010000000000001010001100110011001100101100100001100110000101101111000110001100110000110000000000111111100110010000111111111101110000110011111111111101000000000110011001000000001100011100000000101011100000111101101100100101011100110011110001100111111000000110100000101101001100111000111000000001101101100010100111011011100101101100000111010000111100100111101001101111001100000110001100100110001001101101010111111111010001
0.8133_5neigh_outertot_code465_IC1_iter10.png,12,7,83,0.9365506107841312,177,101001000000000000000100101010100111111111111111001010101010000000000000000010101010101011111111111110101010001010000000010000000010100100101011111101111110101001010000100000101000001000010010101010001000100010101010010101001110101011100101010010101001100000001100101010010101001010101010100101010010101010001000100010101010010101101010101010101101010010110000000000000000011010010101101010101010101101010010101010001000100010101010010101001010101010100101010010101001100000001100101010010101001110101011100101010010101010001000100010101010010000100000101000001000010100101011111101111110101001001010000000010000000010100010101011111111111110101010101010000000000000000010101010100111111111111111001010101001000000000000000100101
0.2258_5neigh_outertot_code1022_IC1_iter20.png,13,1,85,0.211232953257335,5,000000011111111111110000000000000111111111111111000000000001111111111111111100000000011111111111111111110000000111111111111111111111000001111111111111111111111100011111111111111111111111110111111111111111111111111111111111111111111111111111111111111111111111111111111111111111111111111111111111111111111111111111111111111111111111111111111111111111111111111111111111111111111111111111111111111111111111111111111111111111111111111111111111111111111111111111111111111111111111111111111111111111111111111111111111111111111111111111111111111111011111111111111111111111110001111111111111111111111100000111111111111111111111000000011111111111111111110000000001111111111111111100000000000111111111111111000000000000011111111111110000000
0.5862_9neigh_outertot_code93737_IC1_iter05.png,13,2,87,0.7763934740203636,32,011111111111111111111111110111000000000000000000000111110111111111111111111111011101000000000000000000000101101000000000000000000000101101000000000000000000000101101000000000000000000000101101000000000000000000000101101000000000000000000000101101000000001111100000000101101000000010000010000000101101000000100010001000000101101000000100000001000000101101000000101010101000000101101000000100000001000000101101000000100010001000000101101000000010000010000000101101000000001111100000000101101000000000000000000000101101000000000000000000000101101000000000000000000000101101000000000000000000000101101000000000000000000000101101000000000000000000000101110111111111111111111111011111000000000000000000000111011111111111111111111111110
0.6406_5neigh_tot_code462_IC2_iter20.png,13,3,88,0.8573276323656119,39,000000111111000111111000000000001111001000100111100000000011110011000110011110000000111100111111111001111000001111001111111111100111100011110011111111111110011110111100111111111111111001111111001111111101111111100111110011111111010111111110011100111111110111011111011001001111111101101101000001100011111111011010111000000100111111110110101010001111100101110101100010100001111000001111101100001111001111000000111110111100010001111100111111111011110000000000100101111111111111100010001100100111111100110110111011001110011111111111100011110011111001111000101110001100111111100111100101100011001111011110011111100100110011110001111001111110001100111100000111100111110011001111000000011110011110110011110000000001111001111100111100000
0.7155_9neigh_outertot_code736_IC3_iter20.png,13,4,90,0.946626538265491,63,111111111111111111111101111100000000000000010100101001100111111111110000101101111101000100000100001100101001101100011110100100001001011101100001011010111101011011101100001000010100101000001100110101011110111100101101110101101110011100000010101101110000001000111110001101110001111011010000010010101110100000000001111110110111101101011111110001000101101101001010000010100010011000101101011000101011100010001100101000110101000010011001110010111110000011010100101101110101100011000010011101101000000110011000101010101101110100100000001101010001100001100011000110001010001101101000000000000001011001100101110011001010101000101101101001000000011100111101100011111111111100011001001100100000000000001100101001011111111111111111011111111
0.7231_5neigh_outertot_code478_IC1_iter30.png,13,5,89,0.8996233260850948,102,011101111011010110111101110100101111011101110111101001100101111111101111111101001111111100101111101001111111000101001110111011100101000111111100001111100001111111111101010111111111010101111111000111100010001111000111111010011011111110110010111001110110011000110011011100111010101100111001101010111111101101100111001101101111011111101011010110101111110100111111011101110111111001011111101011010110101111110111101101100111001101101111111010101100111001101010111001110110011000110011011100111010011011111110110010111111000111100010001111000111111101010111111111010101111111111100001111100001111111000101001110111011100101000111111100101111101001111111100101111111101111111101001100101111011101110111101001011101111011010110111101110
0.7827_9neigh_outertot_code3276_IC3_iter40.png,13,6,91,0.9722793871439692,120,110011010101000110101010010100100011111001000111100101000101110111111101000000001000101010110010111000100110101011000010010101100010101001000111111010111001101011010101001110110011101011000010110000110011010000000100010011001101110101000100011011100000010001001001111011110101010011001011111010001000011110010000000100111101111000100001001000011101011010000011111101010001110111110110010011000110100001101010100000100010100011110001100100011110001110000100100110001011001100110010011000000110010000010110011111101010000101001101101110011010100100001110010000101000100011011000101000110100001101001001000100010111010010010001000010100110000100000110001000010111101001010000000110100011100000011000010001101010010111010111001110011
0.8472_5neigh_outertot_code452_IC1_iter35.png,13,7,86,0.5153611031101626,489,000010100010101010001010000000001000101010101000100000000000101010101010101000000000000010101010101010000000100000101010101010101000001010000010101010101010000010101010101010101010101010101000101000100010001000101000001010100010101010001010100010101010101010101010101010101010101010101010101010101010101000101010101000101010101010101010101010101010101010101010101010101010101010101010101010101010101010101010101000101010101000101010101010101010101010101010101010101010101010101010101010001010100010101010001010100000101000100010001000101000101010101010101010101010101010000010101010101010000010100000101010101010101000001000000010101010101010000000000000101010101010101000000000001000101010101000100000000010100010101010001010000
0.3658_5neigh_outertot_code462_IC1_iter10.png,14,1,92,0.4331344620558702,14,000000000000000000000000000000000000000000000000000000000000000000000000000000000000000000000000000000000000000000000000010000000000000000000000000111000000000000000000000000010000000000000000000000000111000000000000000000000001000100000000000000000000011000110000000000000000000111101111000000000000000001110101011100000000000001010011000110010100000000011110000000000011110000000001010011000110010100000000000001110101011100000000000000000111101111000000000000000000011000110000000000000000000001000100000000000000000000000111000000000000000000000000010000000000000000000000000111000000000000000000000000010000000000000000000000000000000000000000000000000000000000000000000000000000000000000000000000000000000000000000000000000
0.6235_5neigh_outertot_code483_IC1_iter15.png,14,2,94,0.8253869309445139,41,111111111111111111111111111100000000000000000000000001101111111111111111111111101101000000000000000000000101101011111111111111111110101101010000000000000000010101101010111110000011111010101101010101111111111101010101101010111001000100111010101101010110101111101011010101101010110010111010011010101101010011101111101110010101101010010111000111010010101101010010111010111010010101101010010111000111010010101101010011101111101110010101101010110010111010011010101101010110101111101011010101101010111001000100111010101101010101111111111101010101101010111110000011111010101101010000000000000000010101101011111111111111111110101101000000000000000000000101101111111111111111111111101100000000000000000000000001111111111111111111111111111
0.6240_9neigh_outertot_code15822_IC1_iter20.png,14,3,93,0.7266153533971146,106,110111101101010101101111011111111111111111111111111111011011100111101111001110110110111111111111111111111011111110100111000111001011111111100011111111111110001111111110110101010101011011111010101111111111111111101010110101011101101101110101011111111111111111111111111111011111010111111111010111110111111111111101111111111111011101011111000111110101110110101110110000011011101011011101011111000111110101110111111111111101111111111111011111010111111111010111110111111111111111111111111111110101011101101101110101011010101111111111111111101010111110110101010101011011111111100011111111111110001111111110100111000111001011111110111111111111111111111011011011100111101111001110110111111111111111111111111111110111101101010101101111011
0.6582_5neigh_tot_code497_IC2_iter25.png,14,4,95,0.8915946922244556,36,100001111000010000111100001000011110000010000011110000000111100001000100001111000001111000011000110000111100011110000110010011000011110111100001100111001100001111111000011000000000110000111110000110000111000011000011100001100001101100001100001000011000011000110000110000000110000110010011000011000001100001101000101100001100000001011000000000110100000110011010010010010010110011000001011000000000110100000001100001101000101100001100000110000110010011000011000000011000011000110000110000100001100001101100001100001110000110000111000011000011111000011000000000110000111111100001100111001100001111011110000110010011000011110001111000011000110000111100000111100001000100001111000000011110000010000011110000100001111000010000111100001
0.6844_9neigh_outertot_code478_IC2_iter25.png,14,5,96,0.9217867638198928,45,101110110110110000000010110100110111010100000000000100100110111111110000000000001100110110110011000100000010100111100111110001110001111111111110001000000100011111101011101000000000000010100111000001101100000000011000001111111111100000010101000000110011000100001111000000011100001111110001101001111110110000000110001101101100110110000000000010100111011111101110000000111110111011111000000100011111011101011011000000110011010000001011001110000000001110000001110001100000000000000000000110011111100000000000000000110111011100111111000000000111110001100110001000000000000100001110011011000111100001000001110011110001100111111000011001111100000100000111000011001010100000111111110000001001111100010000001001101111001001111111100001101
0.7018_5neigh_tot_code483_IC2_iter40.png,14,6,97,0.9479751547424754,47,111111111111111111111111111100111111111000111111000011100000000110010000011101101110011110000001100010001001110111100110100111000100001110111001000010011101100001110110000010111000000100011110100001110011101110000011110001011111001000110011111111010011111001000110111001111010111110001100111110001110000001100111100111111001100010100001101000000100111101001110001010000100000111100100111111101001000000011110110010011000101010001011110011000000000010000001011110011010000001101010011011110001011111010000101000011111100011111000101010100011111001000011000000100001111101011100111100000010101111100000001111000001000001111101100001101000111001111111101000001000110000001111111110000111000111111111111111111111111111111111111111111
0.8064_5neigh_outertot_code461_IC1_iter25.png,14,7,98,0.9724226038193264,146,000101110110111011011101000001001010101010101010100100010111000111101111000111010101111000001010100000111101001111001111101111100111100111110011110101011110011111100000101010000010101000001110001001111101111100100011000011110101010101011110000111011011011111110110110111101011110100000001011110101011110011100010001110011110101011010100101001010110101110100001101010101100001011101011010100101001010110101011110011100010001110011110101011110100000001011110101111011011011111110110110111000011110101010101011110000110001001111101111100100011100000101010000010101000001111110011110101011110011111001111001111101111100111100101111000001010100000111101010111000111101111000111010001001010101010101010100100000101110110111011011101000
